video_id,second,motion,luminosity,contrast,saturation,flicker,chroma_richness,edge_density,cortes_segundo,audio_energy,spectral_brightness,onsets_segundo
TIy5Iy6V54E,0,1.1341170983893487,218.73753781628162,58.904871073983536,100.8366468417675,1.617518678951227,14.576004053721386,1.7965598643197653,0.0,0.024454659,2240.9559315098195,2
TIy5Iy6V54E,1,1.5470293778926134,201.44495152640263,77.34100127011197,94.7121860102677,2.432231504400439,17.350181017872966,2.324498074807481,1.0,0.03680657,1972.2865775366135,2
TIy5Iy6V54E,2,3.176812623937925,219.64317702603594,50.65195391743896,74.3788154336267,1.8972543087642098,19.022854467204265,2.884981206453979,0.0,0.06082738,2633.635788462015,3
TIy5Iy6V54E,3,1.6211107323567073,240.7105306884855,31.789037496114307,33.83507288228823,0.62173118353502,15.173145545540875,1.5575724239090576,0.0,0.060131405,2728.18345369213,4
TIy5Iy6V54E,4,1.5520503756900628,245.14671972405574,29.395720533447403,27.739406857352403,0.24121401723505778,17.330498570690107,3.6010840667400075,0.0,0.07635308,1525.0752911533593,5
TIy5Iy6V54E,5,0.21001963006953397,244.56263865969927,28.865500646151975,29.899378896222956,0.15046640080675053,17.96855518355126,3.813600110011001,0.0,0.08881148,1459.4993118217142,2
TIy5Iy6V54E,6,1.661985709021489,233.78867001283461,46.48803913133859,35.81580376787679,2.8608057159882656,18.967596174091536,4.401127612761276,1.0,0.11395044,2678.3400379353675,4
TIy5Iy6V54E,7,0.40651948129137355,244.27749300971766,28.127650926699307,22.117102126879356,1.5920511321965531,16.117906674808655,3.6439998166483316,0.0,0.14229953,1124.328472879477,3
TIy5Iy6V54E,8,0.3873005530976646,76.02894549871654,19.817613676183786,92.58914959204253,14.704497845617894,19.431363868713813,2.8592546754675467,1.0,0.04685009,2191.6036050718003,1
TIy5Iy6V54E,9,1.5244203445812066,136.28625893839384,46.044622433096954,138.62945544554455,0.7392681976530989,24.861010168986258,7.605255317198387,0.0,0.057437923,1818.6698577103075,3
TIy5Iy6V54E,10,0.9317265792439381,131.72962504583793,45.00347937839788,142.23202064998165,0.19683718371837244,24.78943840150892,10.666655207187386,0.0,0.112034634,2336.140610602058,3
TIy5Iy6V54E,11,1.6414158046245575,128.9263092455079,47.481012057463595,145.94494694261093,1.206229372937294,24.80419193554656,7.664844609460946,0.0,0.08255444,2407.141778420231,5
TIy5Iy6V54E,12,0.8784172926098108,128.8070888338834,39.30982234292285,151.27665818665199,1.6957095709570928,22.287795949414406,5.737245599559956,1.0,0.095184356,1583.0501324367742,5
TIy5Iy6V54E,13,0.8430285112311443,117.96766879812981,36.69236973488456,167.01645180143015,2.0386253208654193,20.070323535651685,4.2284332599926655,1.0,0.080398224,1735.0173169508432,5
TIy5Iy6V54E,14,0.35429580354442197,150.01714051613496,28.396371193209365,124.97627028327832,0.11736397598093144,22.526605309491586,7.696931151448478,0.0,0.1258285,1508.0371826259036,6
TIy5Iy6V54E,15,1.1650478069980938,148.92647999174918,30.36216229585435,126.79020902090208,0.25579677759442393,23.371961199813416,7.836507609094244,0.0,0.115288705,2027.6638357226852,2
TIy5Iy6V54E,16,1.2828351023296516,149.4769435276861,32.46281126781111,122.4219529244591,0.20808408965896655,23.794068464193007,7.0016845434543455,0.0,0.0961333,1983.7401954137722,2
TIy5Iy6V54E,17,0.4468523335332672,147.9887210075174,28.17711774201389,115.87792904290428,0.17316189952328523,22.65394442596346,6.421834891822516,0.0,0.11156344,1907.1128630038654,5
TIy5Iy6V54E,18,0.5669161158924302,128.46379205628895,46.40175318714569,134.0180595663733,0.8291603639530614,24.940807868080906,8.120301613494682,1.0,0.089498594,1363.7360098175668,4
TIy5Iy6V54E,19,0.21814701550950608,129.53895764576458,47.18930611483367,133.26902158965896,0.0841400806747347,24.872989865268398,8.391547488082141,0.0,0.093146734,1993.4972317481129,5
TIy5Iy6V54E,20,0.21553545476247868,130.08889289970662,48.065495837846605,134.3855037587092,0.16374278052805144,24.782050289216457,8.474456820682068,0.0,0.104931995,2994.540337238685,1
TIy5Iy6V54E,21,0.12936624822517237,129.63884591584159,48.45126452958792,133.53298840300695,0.11639564998166325,24.838937387071038,8.877658599193252,0.0,0.08752189,1699.6253170710481,4
TIy5Iy6V54E,22,0.5559313679113984,128.86449509534287,48.85109461144939,133.0529926430143,0.09987279977997925,24.87030129328466,8.977642555922259,0.0,0.10088721,2105.421927158037,4
TIy5Iy6V54E,23,1.3801551883419354,129.48668752291897,51.89958084441338,139.84019985331867,0.4727258663366361,25.370130690811155,8.9380500550055,0.0,0.09835721,1837.4005966726759,4
TIy5Iy6V54E,24,0.8249625184883674,114.17813760542721,43.73478655912308,148.45986374679134,0.702091927942794,24.455192652265293,7.30341263292996,1.0,0.107669786,2552.101289071978,4
TIy5Iy6V54E,25,0.31272308838864166,110.79651001558489,40.068724434418186,149.304639943161,0.11404702970297187,24.25768434037877,7.039099743307664,0.0,0.096092135,1946.6324833335095,4
TIy5Iy6V54E,26,0.54445154654483,123.06658358544188,41.493302089273485,147.27409011734508,0.9529296158782543,24.1636590283118,7.761448019801979,1.0,0.10968124,2016.516490298439,3
TIy5Iy6V54E,27,0.8871208392083645,132.65678974147414,43.251417568857654,144.4083992253392,0.37533060597726475,24.12884908102158,8.293683535020168,0.0,0.0980477,1815.582326684166,6
TIy5Iy6V54E,28,1.1293828909595807,133.24626936651998,44.444698648023774,144.18410512926292,0.4445596122112221,24.17286738775367,8.326056563989733,0.0,0.11783278,2001.7401124160172,4
TIy5Iy6V54E,29,0.524116683130463,139.13163045471214,47.74502788809959,136.75309921617162,0.40556758800880033,24.53452064751021,6.496837183718372,1.0,0.11448871,2333.5926204326365,3
TIy5Iy6V54E,30,1.8262234901388485,142.76531444811147,49.17034173340415,133.97873636321967,0.6206717546754655,25.090566273466365,6.445899798313165,0.0,0.12469618,2126.1103545098726,6
TIy5Iy6V54E,31,1.798117412875096,137.94992780528054,44.03864281849775,147.9582508250825,1.1922430784745142,23.369319976183785,7.036979739640631,1.0,0.1145794,2350.032842650459,3
TIy5Iy6V54E,32,0.933772178987662,131.6597319627796,44.79130387144787,146.21041609369271,0.2463702099376602,23.307554064247608,9.221099193252659,0.0,0.109472476,2301.260638445074,3
TIy5Iy6V54E,33,0.3346521897862355,132.41718177026036,45.57639185282728,147.8920425375871,0.08481160616061818,22.91873526218105,9.29942473414008,0.0,0.114419416,2152.6841961051528,3
TIy5Iy6V54E,34,0.21350422222167253,132.11331534195088,44.855652923968734,147.55070704987165,0.05727103960396107,22.7954188486496,8.71974697469747,0.0,0.09839703,2854.6541181154853,3
TIy5Iy6V54E,35,0.18862876761704683,131.9596528923726,44.69840032942124,147.26551899981663,0.03886253208654485,22.701780236810524,8.850786120278695,0.0,0.10183371,2439.2628706307473,1
TIy5Iy6V54E,36,0.6202124878764153,125.55046296296297,44.434152539938026,154.29473322332234,0.9339664695636246,22.453462364715804,8.655115511551156,1.0,0.108197846,3014.060209961492,2
TIy5Iy6V54E,37,0.26611458758513135,110.33332645764575,42.32171827721724,177.67102642555923,0.055947469746972324,21.078327528018416,7.715953887055373,0.0,0.12034686,2807.9332367466855,2
TIy5Iy6V54E,38,0.2841069387892882,109.2284550330033,42.24479573346512,181.25490236523652,0.06659848276494292,20.807159262309003,7.3709662632929955,0.0,0.10852532,2594.7350080336137,3
TIy5Iy6V54E,39,0.47559455254425603,118.14770180143013,37.99390907243515,196.7046256188119,1.3426779657132382,18.313952576052007,5.148056472313898,1.0,0.11253119,2516.486796590128,2
TIy5Iy6V54E,40,0.1505077543358008,133.03412862119546,32.375427013960646,213.96554077282727,0.06885370828749633,15.072799303415437,2.9202191052438575,0.0,0.12507436,2490.966173191874,4
TIy5Iy6V54E,41,0.22800897496442,133.33460533553355,33.49330261031156,210.83570372662265,0.059095961679502075,15.9081564801595,4.282120920425376,0.0,0.114746824,2613.14028585931,3
TIy5Iy6V54E,42,0.2301882840692997,132.52423221488814,33.0758950737983,208.8597640493216,0.06440456545654882,16.451636520108938,4.940697194719472,0.0,0.10873583,2690.022639311282,2
TIy5Iy6V54E,43,0.7601369010905424,134.322193573524,34.81027587387338,201.96252922167216,0.12024546204620397,17.779068410873432,6.107787862119545,0.0,0.10799069,2458.0812619980643,3
TIy5Iy6V54E,44,3.122967205941677,135.52708161441146,34.17332268313088,193.90841526861018,0.2898847176384294,18.86787475471573,5.99537037037037,0.0,0.11030056,2525.5939458700454,4
TIy5Iy6V54E,45,0.3415363239473663,145.8705388247158,47.93654619753065,183.26798450678402,1.0822045746241298,16.83614456542436,2.8123854052071877,1.0,0.12229452,2572.487111018432,4
TIy5Iy6V54E,46,0.49614723895986873,147.59114067656765,57.20951059839825,173.83923152731938,0.5778562752108544,18.004321528152712,2.9825013751375136,0.0,0.12229483,2791.4388522479653,4
TIy5Iy6V54E,47,0.5318554441134135,140.9869831774844,50.5308010908995,187.98303595984598,0.3255895902090214,17.565103082484857,3.37372799779978,0.0,0.095689155,2937.9087595198184,4
TIy5Iy6V54E,48,3.1070271531740823,137.18126547029703,46.6598799630199,184.776833516685,2.924760496883021,19.1217623127453,5.262880454712138,0.0,0.11269729,2196.767838140315,4
TIy5Iy6V54E,49,0.2214063050535818,155.85075919050237,41.240090070762896,174.97913973689035,0.1067261413641359,16.59898959049635,4.058546479647965,0.0,0.11160152,2784.7076663574453,3
TIy5Iy6V54E,50,0.29002088323856395,155.50258697744775,40.85686419707515,175.41168351210123,0.2140888568023461,16.399495205356338,4.1195109094242754,0.0,0.11217032,2355.5110115838224,2
TIy5Iy6V54E,51,0.4674320970661938,153.55989812522918,39.761625602066296,178.82912082874955,1.5219552163549697,16.156626282730073,3.927163549688302,1.0,0.10169793,2314.842587454375,5
TIy5Iy6V54E,52,1.1312814851601918,124.38340552805282,27.372443620110023,223.7539924825816,0.20813794921158704,13.754359013445795,3.6131165199853315,0.0,0.09149035,2371.817019907471,5
TIy5Iy6V54E,53,0.6974893336494764,123.87580846626328,29.401371975995712,222.54873544646134,0.13873991565823238,14.129106602476325,4.1403671617161715,0.0,0.11359857,2516.683922060479,1
TIy5Iy6V54E,54,0.8254979501167933,125.8706282086542,31.47973474493264,218.03313221947192,0.10753346167950184,14.711138487422668,4.881623579024569,0.0,0.11203659,2462.6881405198596,4
TIy5Iy6V54E,55,0.5888302723566691,124.56221408599193,32.44440278825216,218.99292606343968,0.07651379721305436,14.468226342146055,4.8345251191785845,0.0,0.106485866,2150.397396276918,4
TIy5Iy6V54E,56,0.5526685106257597,124.83181380638064,33.75897481445067,217.26767796571323,0.09903854968830157,14.983120138505432,4.836702420242024,0.0,0.089310616,2021.9244047438324,5
TIy5Iy6V54E,57,0.8562788839141527,127.5951004996333,35.69834990167883,212.23550948844886,0.19538698661532608,15.535975251868074,5.227527961129446,0.0,0.10702273,2552.7668929641395,3
TIy5Iy6V54E,58,1.1423449367284775,139.6803664741474,39.385882512051175,185.96591263292996,0.7083161441144128,21.091701956200104,9.218635405207188,1.0,0.10960609,2683.199305266246,2
TIy5Iy6V54E,59,0.6950178556144238,139.1376403786212,40.014669518791486,186.3948615694903,0.21548347543087587,20.9603423085186,9.26063439677301,0.0,0.11287627,2525.1652794132233,2
TIy5Iy6V54E,60,,,,,,,,,0.09934296,2614.0203885318997,1
Zr0QijS9vOo,0,3.3120307046175004,239.23324642464246,17.884186389160227,227.00432783278328,1.0767304730473028,14.019826565265125,2.2446644664466446,0.0,0.07624919,2397.7237574457786,2
Zr0QijS9vOo,1,2.0516191053390505,215.7082931793179,51.821014316321815,204.18525742574258,0.5549746974697461,18.810007203816507,3.508855885588559,0.0,0.12665755,2767.4304292927663,2
Zr0QijS9vOo,2,2.610545127391815,208.98275082508252,51.814799145826804,176.2748608360836,1.2531105610561042,21.67046549759932,7.1952145214521455,1.0,0.10861265,2353.4719819179213,4
Zr0QijS9vOo,3,3.560554265975952,223.07084928492847,44.4052405257056,193.23871727172718,2.1782574257425735,20.749343343185924,6.026677667766777,1.0,0.12414258,2770.228905096192,3
Zr0QijS9vOo,4,1.2422253680229187,214.3611397139714,51.48045996750287,192.7618894389439,0.29767931793179286,22.083229191548398,6.33003300330033,0.0,0.1408687,2464.2460025163728,3
Zr0QijS9vOo,5,2.1192304849624635,201.20953355335533,54.84287588261986,167.18057150715072,4.11751595159516,19.71522142402715,5.198074807480748,1.0,0.12575136,2699.52483559508,2
Zr0QijS9vOo,6,2.3910079479217528,189.52913201320132,61.37308447713183,141.30319196919692,1.0431430143014313,22.363596014477984,6.714741474147414,0.0,0.14735909,2799.6092173225866,5
Zr0QijS9vOo,7,2.550213942527771,199.86581408140813,58.342512240707855,146.86101375137514,2.931457645764575,22.579554887255778,7.057095709570957,1.0,0.15404464,2524.3953096889727,4
Zr0QijS9vOo,8,1.2602906274795531,243.8525374037404,10.020740873698536,227.93497469746973,0.21209020902090286,14.683686618559404,3.2535203520352036,0.0,0.09642791,2685.5759049882045,0
Zr0QijS9vOo,9,1.670917844772339,224.11179207920793,25.18860822641378,209.51843619361935,5.06423377337734,16.290283177461518,4.8094059405940595,1.0,0.048256226,2032.0219986653794,2
Zr0QijS9vOo,10,0.29010267853736876,103.27612981298131,46.86737527008976,75.120100110011,0.8033630363036298,23.07113242330619,15.307920792079209,0.0,0.023753738,2305.1159695870037,4
Zr0QijS9vOo,11,0.30355284094810486,103.13340154015401,47.29015723173137,74.61495819581958,0.10851320132013142,23.581301978326245,15.819526952695268,0.0,0.0647014,2627.226733838744,3
Zr0QijS9vOo,12,0.378613144159317,105.935300330033,50.633038460724286,75.82317931793179,0.17872167216721663,24.46529245584163,16.270407040704068,0.0,0.07149179,3126.1065051255155,5
Zr0QijS9vOo,13,0.6249186331033707,109.80325742574257,53.609504793242856,80.79151705170517,0.3234570957095707,24.55978870500177,17.14042904290429,0.0,0.07775748,2323.734661209145,4
Zr0QijS9vOo,14,0.6152898967266083,108.1284598459846,50.95458371950115,75.75091749174918,0.2094675467546756,24.243074308736627,15.47095709570957,0.0,0.06498942,2880.318038157816,3
Zr0QijS9vOo,15,0.6792565858364106,112.27059625962596,54.36969702929755,79.66015676567656,0.36385478547854805,24.73701532268563,16.122277227722773,0.0,0.07299097,2536.432200253993,4
Zr0QijS9vOo,16,1.179802997112274,118.67509735973597,57.0543233022527,78.49517381738174,0.6937288228822877,24.961698541707236,15.295159515951596,0.0,0.065609306,3069.346615245028,3
Zr0QijS9vOo,17,0.6137672483921051,113.921399339934,55.192552093260666,71.82106160616063,0.24837678767876867,24.819045161352015,14.736138613861385,0.0,0.06712786,2815.6889600253407,4
Zr0QijS9vOo,18,0.3270819249749184,117.44331738173818,56.74016365565019,70.4401606160616,0.12139218921891995,25.27231434854798,14.334488448844883,0.0,0.04206497,2676.6976035134453,5
Zr0QijS9vOo,19,0.657747240960598,115.18432563256324,55.42807341706461,78.20455830583059,0.19310341034103432,24.95237231133329,15.947909790979097,0.0,0.059132643,3262.106744002652,3
Zr0QijS9vOo,20,0.3530068439245224,114.44700275027502,55.540834484988174,80.1810203520352,0.1456138613861384,25.020109427627684,16.54961496149615,0.0,0.025507389,2672.5194828651042,5
Zr0QijS9vOo,21,0.6812605929374694,121.2575902090209,58.33680084066519,78.14690649064906,0.6372365236523649,25.101283610271217,15.781738173817383,0.0,0.09408099,2434.250591867704,3
Zr0QijS9vOo,22,1.0297199898958207,131.59899284928494,61.45777398677,77.11587788778877,0.47220902090209277,25.106551713763707,13.97970297029703,0.0,0.0878195,2537.2204625376585,4
Zr0QijS9vOo,23,0.6934727638727054,108.43647689768977,48.665078172529064,78.11192024202421,1.1931078107810789,22.770377634142264,14.388338833883388,0.0,0.021153418,2974.16507158638,5
Zr0QijS9vOo,24,1.090220001032576,110.83074862486248,50.04421997302536,81.1108503850385,0.8812255225522563,23.007896183400675,14.777062706270627,0.0,0.0440224,3151.4288689245836,4
Zr0QijS9vOo,25,1.1272074699401855,130.28458800880088,60.82149629414776,81.27302200220022,0.3893910891089115,25.13645393491972,14.227172717271728,0.0,0.06909743,2718.895698571631,3
Zr0QijS9vOo,26,1.2241820216178894,127.58322607260726,59.49710254874093,86.6054796479648,0.9874840484048412,24.81779613245729,15.266281628162817,0.0,0.07749408,2723.019054940242,4
Zr0QijS9vOo,27,0.8543705153465271,134.49747689768978,62.89616295228918,86.50440924092409,0.3692277227722764,25.146533616546336,14.678327832783276,0.0,0.09034286,2268.895618517431,4
Zr0QijS9vOo,28,0.9004234629869461,134.63581243124312,63.5205522235553,83.75943619361936,0.7174548954895499,24.946517784478672,13.997414741474147,0.0,0.08005668,2226.0592583293906,1
Zr0QijS9vOo,29,1.0599655389785767,111.37289163916392,52.22356653281029,79.15377172717271,0.5864383938393842,24.69733297608033,15.273102310231023,0.0,0.060590435,2973.076563867654,5
Zr0QijS9vOo,30,0.2655948175489902,105.59201155115512,48.80869392843736,77.10946589658967,0.11305940594059337,24.016497709619845,15.802805280528053,0.0,0.08657479,2824.8165117516014,5
Zr0QijS9vOo,31,0.5469557154178619,106.99525632563257,50.059346886908116,77.05656325632563,0.40552750275027505,24.38174404799405,15.836798679867986,0.0,0.061606064,2564.1586541332886,3
Zr0QijS9vOo,32,0.7016574019193649,118.5761606160616,56.435871894973054,75.01018371837183,0.5330665566556655,25.040694487747974,15.033058305830583,0.0,0.09449637,1999.5152494938868,5
Zr0QijS9vOo,33,0.5355804419517517,116.57571177117713,55.76009453514878,74.69069416941694,0.332638613861385,25.0823418441316,14.98118811881188,0.0,0.07295291,2080.6481844774157,3
Zr0QijS9vOo,34,0.5072345417737961,128.10484323432343,60.93004907330299,76.22944609460946,0.4039587458745888,25.11141150237412,14.521617161716172,0.0,0.053386033,1892.2180613713701,4
Zr0QijS9vOo,35,0.6434068655967713,129.46660781078108,61.246470489714056,77.89660341034103,0.38380363036303605,24.886387392084707,14.356050605060506,0.0,0.059468057,2096.2607658697048,5
Zr0QijS9vOo,36,0.5297256636619568,123.05063586358636,58.74260123746114,78.46383223322331,0.5159532453245322,24.82757863883173,14.887183718371837,0.0,0.092916414,1883.274964634489,5
Zr0QijS9vOo,37,0.8366209101676941,124.1638294829483,58.74564899143131,81.51322937293729,0.5440759075907584,24.71237462033451,14.520847084708471,0.0,0.08676922,3273.1292871834803,3
Zr0QijS9vOo,38,1.0760639524459839,107.92387678767876,49.48138205407014,78.29597689768977,0.3832733773377339,23.904046936530598,14.925192519251926,0.0,0.06389617,2785.198806284105,5
Zr0QijS9vOo,39,0.23916262924671172,104.75724917491749,47.56135150384402,77.83927447744774,0.11973707370737031,23.014596340432373,15.306545654565458,0.0,0.02095964,2871.4588031969765,4
Zr0QijS9vOo,40,0.3214056783914566,104.0722904290429,47.476773715655206,75.76993344334433,0.15720957095709537,23.301362414515925,15.68113311331133,0.0,0.022415677,1748.6662172133558,4
Zr0QijS9vOo,41,0.2827752606570721,105.39455830583057,48.933494474410345,75.02747249724973,0.165237073707371,23.86413395359961,15.799559955995601,0.0,0.07099495,2890.977696375598,4
Zr0QijS9vOo,42,0.1917730824649334,107.36277942794278,51.03793700936522,74.49503575357535,0.13184928492849168,24.180708381808763,15.61171617161716,0.0,0.07214251,2389.8865056143372,3
Zr0QijS9vOo,43,0.21900904640555383,108.20536028602861,52.18418006527477,74.9621496149615,0.13253520352035308,24.278360622562328,15.893729372937294,0.0,0.0854512,2699.396577028138,3
Zr0QijS9vOo,44,0.20129999913275243,107.84980088008801,51.60561030625957,73.93409350935093,0.12314301430143018,24.277194952185145,15.784983498349835,0.0,0.07994601,2781.441706887287,5
Zr0QijS9vOo,45,0.6106954729557037,108.16413696369636,51.42105769788458,72.78622497249725,0.21214961496149556,24.181226982784118,15.227007700770077,0.0,0.08435711,2905.0345123567863,1
Zr0QijS9vOo,46,0.9455779454112053,105.77150385038503,56.96430469904745,88.32252475247523,1.249145764576457,25.17803856457107,17.103630363036306,1.0,0.15781754,3318.8566254122343,1
Zr0QijS9vOo,47,0.11888376206159591,100.45115346534654,53.19217330424604,90.24637513751375,0.020047304730473458,25.100528447915163,16.438008800880088,0.0,0.0905918,3131.6375303767536,2
Zr0QijS9vOo,48,0.5384279018640519,103.00038723872387,55.305950546961114,89.39193344334433,0.20327337733773335,25.50478274820102,16.365511551155116,0.0,0.07542644,2409.0109068113366,4
Zr0QijS9vOo,49,0.3200074604153633,115.80807810781079,64.02686089264515,94.58386248624862,0.8047480748074816,25.706938024244902,17.754455445544554,0.0,0.09566023,2793.2876178243387,5
Zr0QijS9vOo,50,0.36191160663962363,116.35115731573158,64.39498624725748,94.95787843784379,0.266143014301432,25.711411272380087,17.906820682068208,0.0,0.06755082,2180.4818519742953,2
Zr0QijS9vOo,51,0.4959042054414749,108.09193234323433,58.106881540410065,91.20456875687569,0.8700066006600656,25.138124551225175,17.176292629262925,0.0,0.09069801,2263.0831669289323,3
Zr0QijS9vOo,52,0.2870826864242554,100.72299504950496,53.02041702573151,87.50716831683168,0.12863476347634845,24.967711756541117,16.133883388338834,0.0,0.070311554,2328.5081774955147,4
Zr0QijS9vOo,53,0.21163983404636383,101.13398184818482,53.95503131579332,88.1832706270627,0.1062112211221114,25.255706703704348,16.39114411441144,0.0,0.063212365,2413.0900093636783,2
Zr0QijS9vOo,54,0.5231721436977387,106.80535313531352,58.320929942355534,88.33328437843784,0.3122282728272825,25.93864604617076,16.23184818481848,0.0,0.07031575,2440.5410519168186,2
Zr0QijS9vOo,55,0.19993992581963538,106.96510671067107,57.63287084660351,89.16701540154016,0.17233498349834975,25.9288346669693,15.834378437843784,0.0,0.059301414,2471.925761515439,3
Zr0QijS9vOo,56,0.13547138512134552,109.46934928492848,59.42278423571971,90.98699669966996,0.052781628162816216,26.01575522866267,16.494444444444444,0.0,0.07601388,2146.7872248736403,5
Zr0QijS9vOo,57,0.2659562349319458,107.9884906490649,58.47925433992944,90.76922717271728,0.16783333333333303,25.925105143282153,16.276127612761275,0.0,0.08404234,3093.9321651944597,4
Zr0QijS9vOo,58,0.3075732326507568,108.17203465346535,58.6844360348774,90.33020737073709,0.2498030803080303,25.909967271153477,15.774587458745875,0.0,0.078206815,2090.00971573861,4
Zr0QijS9vOo,59,0.24124495774507523,107.0588707370737,57.89329392383902,91.54851375137514,0.2168025302530259,25.817079058480758,16.025357535753574,0.0,0.07942863,2086.1154925480287,5
Zr0QijS9vOo,60,,,,,,,,,0.06668244,1653.6167257804948,0
nyKKtzUzvYA,0,5.329768717288971,140.14704915364584,58.41053449227446,64.62454752604167,6.732208658854162,26.01237595523883,17.2470703125,0.0,0.05547834,2025.711742898544,4
nyKKtzUzvYA,1,5.354207932949066,139.20408040364583,62.49724596088326,64.69636881510417,3.59922526041667,25.986341556891606,19.905924479166668,0.0,0.043208066,2132.3583169626313,2
nyKKtzUzvYA,2,3.19235897064209,145.4702697172619,63.18815012800695,63.39786644345238,1.5518936011904754,25.85217837677217,20.680059523809526,0.0,0.0434903,1917.8408496631512,3
nyKKtzUzvYA,3,3.1634466573596,144.3236962890625,63.04081911115654,62.009619140625,1.4867919921874986,25.867770953577445,19.891276041666664,0.0,0.041953117,2221.8335727055332,3
nyKKtzUzvYA,4,6.774262632642474,152.4259728422619,54.41864729513632,46.361077008928575,3.0909542410714193,26.691266761450013,9.628534226190476,0.0,0.04448246,2188.3525065304148,4
nyKKtzUzvYA,5,7.864205241203308,135.65330891927084,59.78698279177325,52.158582356770836,1.9151155598958347,26.64618926868735,9.46923828125,0.0,0.058641005,2022.463175815363,4
nyKKtzUzvYA,6,5.587472268513271,126.6398511904762,64.93506448963802,61.76572172619048,0.7550613839285693,26.61600903713554,9.885788690476192,0.0,0.045924187,1783.1851195988809,4
nyKKtzUzvYA,7,7.435855507850647,128.83097819010416,55.21470166497651,55.455849609375,3.457666015624998,26.644492818892363,9.4521484375,0.0,0.037917808,2609.6160598997344,1
nyKKtzUzvYA,8,7.308046068464007,112.1871595982143,44.11069363956631,86.93537202380953,2.728467261904762,26.156308909453745,8.328125,0.0,0.025145419,2412.2235818279323,2
nyKKtzUzvYA,9,6.43810173869133,121.6347314453125,48.589165703749885,92.760927734375,2.2506868489583347,26.667914044767112,17.3603515625,0.0,0.10381876,2101.60410490382,6
nyKKtzUzvYA,10,6.233519979885647,149.77357142857142,37.68727714411097,54.6982775297619,7.743482142857142,25.535219592610826,3.2779017857142856,0.0,0.0570259,2113.4164391015215,4
nyKKtzUzvYA,11,6.63938695192337,140.23552408854167,49.681931150350714,62.09436686197917,2.7456038411458366,25.885941067224934,14.27685546875,0.0,0.065315135,1739.1952826715196,3
nyKKtzUzvYA,12,7.373164245060512,130.25095982142858,52.67833795528603,74.45492001488095,1.3493136160714374,26.061378723991165,16.20703125,0.0,0.080481604,2344.054835147222,5
nyKKtzUzvYA,13,8.09892064332962,143.61804361979168,52.62168449500292,57.291150716145836,9.755859375000004,26.107225052185527,4.28125,0.0,0.06303579,2612.9111175865755,3
nyKKtzUzvYA,14,7.229870932442801,135.2499107142857,66.48138180928058,68.95826264880952,6.867579985119052,26.405029356453998,6.229352678571429,0.0,0.042035542,2555.8840261067785,4
nyKKtzUzvYA,15,6.987955033779144,122.46847981770833,54.34108070069023,77.54306477864583,5.085608723958332,25.366529291472755,6.764973958333334,0.0,0.047007695,2238.9726584975183,3
nyKKtzUzvYA,16,6.740912573678153,146.03722470238094,57.81862612763668,64.1833947172619,3.301966145833331,26.60641770102243,9.730840773809524,0.0,0.1013772,2485.0870584849476,3
nyKKtzUzvYA,17,6.436259359121323,148.730576171875,49.981333294596624,50.479298502604166,3.108033854166667,26.281487739585423,11.112630208333334,0.0,0.08967414,2258.3041099814723,5
nyKKtzUzvYA,18,7.438513892037528,129.32673921130953,59.60573643706964,66.00333891369048,1.176956845238087,26.166469006413998,10.300595238095239,0.0,0.073357336,2182.8791255994547,2
nyKKtzUzvYA,19,7.138727217912674,134.90178385416667,63.090898096880494,69.932646484375,2.2079052734375004,26.392098130798175,11.321126302083334,0.0,0.060096063,2377.181134503202,4
nyKKtzUzvYA,20,7.46245459147862,114.0421019345238,73.62491530730333,87.98295944940477,6.187725074404763,26.92865402320044,9.046130952380953,0.0,0.044400714,3177.2111482366195,2
nyKKtzUzvYA,21,7.250366717576981,122.56360677083333,66.08898537058614,86.42868489583334,6.968448893229166,26.304702427118283,10.1630859375,0.0,0.097325966,2494.748531821141,3
nyKKtzUzvYA,22,8.574730804988317,142.21610677083333,70.81026670720749,73.5055152529762,3.296460193452382,26.749156998785253,9.184151785714286,0.0,0.06552868,2610.457079047458,4
nyKKtzUzvYA,23,7.028999090194702,140.59255045572917,62.687514637072866,72.41481608072917,4.44513834635416,26.116596666357687,7.170084635416667,0.0,0.053273827,3208.94769639707,5
nyKKtzUzvYA,24,7.297992638179234,123.91856398809523,54.63465430431821,106.35196800595239,5.867074032738093,26.27853145774012,7.571986607142857,0.0,0.073412105,3040.4684831882037,4
nyKKtzUzvYA,25,7.300834476947784,150.79786295572916,54.91085856039646,71.77293294270834,5.901627604166666,26.411207795520674,8.896321614583334,0.0,0.07261524,3103.036993498725,2
nyKKtzUzvYA,26,8.11291013445173,155.9673121279762,59.59759841925198,47.37819010416667,2.9695796130952368,26.886829862111306,10.502790178571429,0.0,0.067234755,3050.0929467222986,4
nyKKtzUzvYA,27,8.680673658847809,159.17702311197917,58.54502364127109,49.30931966145833,1.347141927083328,27.042559759658836,11.007161458333332,0.0,0.07354367,3048.2740438692176,5
nyKKtzUzvYA,28,5.666798046657017,156.61560267857143,50.425543703523246,52.987010788690476,3.0610788690476136,26.700848409714126,8.606770833333334,0.0,0.07226458,3259.62632277534,3
nyKKtzUzvYA,29,8.002213180065155,144.940087890625,56.04676597332344,59.443564453125,2.743028971354164,26.902675867848405,9.104329427083332,0.0,0.104467236,2806.1255269882213,3
nyKKtzUzvYA,30,7.334940092904227,139.96852864583335,65.28236105997004,59.22624255952381,1.6266108630952374,27.229062829587214,10.94233630952381,0.0,0.08114299,2928.863562059919,4
nyKKtzUzvYA,31,8.444300711154938,133.4355859375,64.68977811844918,60.81766764322917,1.499637044270841,27.01744610353294,11.305989583333332,0.0,0.12957737,2609.1593800228616,4
nyKKtzUzvYA,32,6.2158162253243585,139.66728980654761,63.43824460129868,53.87339099702381,1.846960565476191,26.86563360935812,10.938988095238097,0.0,0.08839438,2701.7976612672883,4
nyKKtzUzvYA,33,5.731088489294052,143.4739990234375,61.90822801307453,59.7606787109375,1.7229752604166642,27.03486431615089,10.72119140625,0.0,0.06389793,2529.2650560918314,5
nyKKtzUzvYA,34,8.282614026750837,132.1806640625,59.856441097263364,70.69031808035714,3.3214192708333394,26.90949042069244,10.433221726190476,0.0,0.10879572,2609.5098658907305,3
nyKKtzUzvYA,35,7.800101339817047,143.91721842447916,56.85258612021572,70.35177897135416,3.6059016927083327,26.725582587696138,9.916178385416666,0.0,0.06350218,2733.1192175526985,5
nyKKtzUzvYA,36,6.449439253125872,134.47496837797618,52.95899632630619,75.19386346726189,2.0287090773809586,26.708978502222273,9.910900297619047,0.0,0.046768963,2874.6922666470523,3
nyKKtzUzvYA,37,8.087529957294464,119.30377278645834,54.039012384317104,85.99711100260417,4.7262613932291675,26.54523976811252,9.992024739583334,0.0,0.12723386,2234.308403041499,3
nyKKtzUzvYA,38,6.654561519622803,118.02146391369048,49.85423636363048,71.01171316964286,6.741811755952379,26.445066143713664,9.490513392857142,0.0,0.14866085,2175.749986923487,6
nyKKtzUzvYA,39,10.065082132816315,139.21430826822916,56.59733619021171,81.94486653645833,10.839062499999997,26.022641035412665,9.17041015625,0.0,0.04162568,2740.6532555049976,3
nyKKtzUzvYA,40,7.92048031943185,119.20615699404763,60.35855926125915,95.30407552083332,4.25981026785714,26.40379572610403,10.693266369047619,0.0,0.14954044,2104.070593890994,6
nyKKtzUzvYA,41,7.897671818733215,138.66868815104166,63.072472665314464,79.06368489583333,1.878779296875006,26.81215113799653,10.098795572916668,0.0,0.15576239,2075.2136504807954,4
nyKKtzUzvYA,42,7.63276515688215,130.29743861607145,59.79810997845751,87.4213318452381,8.437438616071429,26.49470162284879,9.381510416666668,0.0,0.062334638,2188.36021289278,1
nyKKtzUzvYA,43,7.311594843864441,146.547822265625,47.6751432885449,55.53067545572917,2.3263118489583405,26.42219259666522,8.712727864583332,0.0,0.14253,2186.5094697725694,5
nyKKtzUzvYA,44,7.332104682922363,140.21573288690476,46.853625827726994,65.79713169642856,1.9722265625000017,25.539081511647424,5.870721726190476,0.0,0.052066304,2329.773748558531,2
nyKKtzUzvYA,45,4.860206574201584,131.62737630208332,43.53935601184048,59.707470703125004,4.7844759114583315,25.12445194853695,5.501139322916667,0.0,0.07282686,2232.862064850474,3
nyKKtzUzvYA,46,4.783796616962978,132.0343991815476,41.86882683438103,46.887765997023806,4.208283110119041,26.24827545246825,7.3731398809523805,0.0,0.073352374,2563.675785318973,7
nyKKtzUzvYA,47,6.900762915611267,136.07510416666665,44.28467955416629,53.55618326822917,1.9378499348958336,26.50605652984973,8.939615885416666,0.0,0.046173614,2689.1904156850646,6
nyKKtzUzvYA,48,8.004284041268486,144.7146409970238,54.22812019005813,62.16504650297619,0.8987760416666666,27.119023155791062,13.795014880952381,0.0,0.09865725,2443.3410248339965,3
nyKKtzUzvYA,49,10.241728007793427,169.25531412760415,45.905941062399194,48.52931966145833,8.26147623697917,26.566913287752413,5.550944010416667,0.0,0.05172693,2655.855602361223,1
nyKKtzUzvYA,50,7.0182221957615445,156.12014322916664,52.5076239630731,40.83833333333333,6.386592261904757,26.443146264444692,7.055245535714286,0.0,0.12039169,2725.6182968392295,4
nyKKtzUzvYA,51,7.463710129261017,134.72316080729166,59.17183643881639,57.370304361979166,2.0551822916666715,26.19224437697286,8.260579427083334,0.0,0.14519274,2313.362493774143,4
nyKKtzUzvYA,52,6.810789244515555,129.97763764880952,63.06353236344436,86.54584821428571,4.395710565476187,26.03915813888413,5.873883928571429,0.0,0.13214898,2192.574073902309,3
nyKKtzUzvYA,53,7.26416140794754,110.95095540364584,58.47646600904708,126.86733723958332,10.770232747395834,24.902638607818965,2.974446614583333,0.0,0.14876613,2051.0093030991043,6
nyKKtzUzvYA,54,7.15786109651838,138.1265550595238,67.2491999998165,101.72932291666666,7.316852678571428,25.80010100115045,7.027157738095239,0.0,0.1406154,2141.476157964809,5
nyKKtzUzvYA,55,6.040127947926521,160.04733723958333,52.97266897867629,110.50958658854167,28.291759440104165,23.653051420102983,4.22412109375,0.0,0.08343557,2146.0452326370496,2
nyKKtzUzvYA,56,6.427362101418631,130.36617373511905,62.4598225334484,75.09667038690476,19.46966517857143,24.67938311828278,8.402157738095239,0.0,0.034777712,2317.142772654936,1
nyKKtzUzvYA,57,5.177360832691193,94.9935498046875,61.29115762754775,76.66120930989584,2.111608072916667,26.73293946569413,12.546223958333334,0.0,0.12450371,1889.747409286022,4
nyKKtzUzvYA,58,5.200890336717878,108.27297805059524,63.1548206247176,76.90306919642856,1.6544624255952394,27.312339265089655,12.579613095238097,0.0,0.061546408,2174.3272582161703,2
nyKKtzUzvYA,59,6.594635188579559,113.79451171875,64.46979633487359,79.555751953125,2.1927783203125006,27.463048050992683,10.955891927083332,0.0,0.054917414,1999.9768863204408,2
nyKKtzUzvYA,60,7.474923610687256,127.46450520833334,68.3487614609421,65.94244791666667,3.3716406249999977,27.142492263351315,13.302083333333334,0.0,0.021479577,2195.8030963066203,0
lUZ2C_La8gM,0,0.0018205611052690073,252.5932222222222,0.21806195930366867,0.23407645764576457,0.044223322332234145,9.31646392626551,0.10676567656765677,0.0,0.0067440155,992.3022825232001,1
lUZ2C_La8gM,1,0.0007574268197276979,251.8703586358636,1.6557715142782794,2.0941336633663368,0.003823432343233435,9.963360233942472,0.6854235423542354,0.0,0.012482406,2483.7329868894085,0
lUZ2C_La8gM,2,5.2123295317869635e-05,251.86398844884488,1.7149411921723539,2.2116996699669964,0.0004207920792021014,9.961661933886363,0.685093509350935,0.0,0.019396072,1985.0477471409574,0
lUZ2C_La8gM,3,0.0010566568256763277,251.8904114411441,1.4497401489280946,1.8993151815181517,0.004691969196918535,9.97881503695442,0.6826182618261827,0.0,0.0064983102,1667.0301608910986,0
lUZ2C_La8gM,4,0.05369659933494404,246.4108811881188,11.484413840025159,2.171951595159516,1.1783888888888896,10.699135144694047,0.26496149614961495,0.0,0.0017353073,1745.2664465527405,1
lUZ2C_La8gM,5,0.29031540993601085,204.79423707370736,95.38696499581357,21.04622497249725,0.7840451045104533,13.165448119846458,1.782013201320132,0.0,0.0066965055,1552.0933701925462,2
lUZ2C_La8gM,6,0.09554547036997973,203.04531738173816,98.92125292169636,22.43774917491749,0.0007150715071520608,13.090559859198816,1.5448294829482947,0.0,0.01147602,1023.9803377124647,1
lUZ2C_La8gM,7,0.06975367955397814,203.04394444444446,98.9290668141822,21.917758525852587,0.0005258525852639195,13.05236237836798,1.5574807480748074,0.0,0.013115822,806.0184589449386,0
lUZ2C_La8gM,8,0.0030713017261587085,203.04407260726072,98.9301134752215,21.813290429042905,0.0003822882288227447,13.05569368081922,1.8743124312431243,0.0,0.014866939,1038.47052381737,0
lUZ2C_La8gM,9,0.4745053903595544,203.051899889989,98.93567513773046,21.778851485148515,0.004820682068207134,13.09975740361712,1.755005500550055,0.0,0.014947227,913.9931963518729,0
lUZ2C_La8gM,10,0.36958011288195847,203.05031133113312,98.95610240995417,20.46992904290429,0.007617161716174223,13.2154031955214,1.5783278327832784,0.0,0.032367446,1101.623761742513,1
lUZ2C_La8gM,11,0.15454115239903332,202.95941364136416,98.96991319064689,19.47040209020902,0.01241089108910728,13.101877678397583,1.7052255225522552,0.0,0.041456066,1452.6355742126957,1
lUZ2C_La8gM,12,0.13954036846756934,202.07323542354234,98.87320361090698,20.776883388338835,0.06386468646864728,13.606599033832678,2.1259075907590756,0.0,0.044117857,2207.5051199903805,0
lUZ2C_La8gM,13,0.643334310054779,197.68586853685366,97.92250801615222,41.786886138613866,0.484518701870187,14.43361988093217,2.4507150715071506,1.0,0.049025226,1829.8506570798345,0
lUZ2C_La8gM,14,0.3601934742927551,188.7085077007701,94.95887209438033,96.85455885588559,0.03205720572057089,14.875163802278212,2.439218921892189,0.0,0.050106768,1899.8133669092917,0
lUZ2C_La8gM,15,0.30291312336921694,189.10557370737075,94.41474024123343,98.56162706270626,0.04519691969196856,14.665858815895874,2.254015401540154,0.0,0.05464764,2124.0530632371806,0
lUZ2C_La8gM,16,0.4652083808928728,189.97875247524752,95.7167081097456,85.48302530253027,0.10194939493949164,14.525555017236561,2.4053905390539057,0.0,0.062968776,2280.473942667335,0
lUZ2C_La8gM,17,1.5814406633377076,195.3557200220022,97.1579274063461,45.15986963696369,0.340206270627059,14.560259808145354,2.563201320132013,0.0,0.058153808,2127.8173891862803,0
lUZ2C_La8gM,18,2.9482650265097616,192.43895489548956,97.65994207543189,41.67108470847084,0.8771133113311305,14.300642775302713,2.354950495049505,1.0,0.05459757,2036.8379607150628,0
lUZ2C_La8gM,19,1.9445551240444183,179.0109526952695,95.88035947373324,68.03814191419141,0.21131738173817324,15.610780820344035,2.2445544554455448,0.0,0.06694869,2257.148238566255,0
lUZ2C_La8gM,20,1.4368163985013962,187.7764708470847,96.62408994263427,58.431535203520355,0.6854796479647951,15.392649681166512,2.6118261826182616,1.0,0.06449153,2786.7839166340796,0
lUZ2C_La8gM,21,0.7493759661912918,186.68559900990098,102.71582384329406,42.48501100110011,0.4968883388338827,15.199435060378262,3.138448844884488,0.0,0.06155902,2545.889577538512,0
lUZ2C_La8gM,22,0.20550717800855636,187.55396864686472,102.38792966728107,42.28037733773377,0.12193014301430366,15.508499325193736,3.163036303630363,0.0,0.052694626,2722.1956919927525,0
lUZ2C_La8gM,23,0.6354823441430927,205.17068151815184,78.39485210852794,35.79345104510451,2.4262095709570985,14.970409562685045,2.6700220022002203,1.0,0.04888009,3001.1081692572748,0
lUZ2C_La8gM,24,0.007935278825461864,247.75148074807478,17.421739961186855,22.82995709570957,0.01943454345434702,13.47640331648917,1.5743674367436744,0.0,0.021732472,2481.3438293332306,0
lUZ2C_La8gM,25,0.007917087320238351,247.76955335533552,17.372588167777145,22.812798129812982,0.01897469746974707,13.48524725986589,1.5607260726072607,0.0,0.019643737,1613.7579146375426,2
lUZ2C_La8gM,26,0.007171710124239326,247.78074972497248,17.345412517331386,22.80844334433443,0.017789878987902057,13.484673191298086,1.5573707370737073,0.0,0.0076075527,1609.5919769037953,1
lUZ2C_La8gM,27,0.0008428106951760128,247.8575803080308,16.936656218407528,22.851149614961496,0.0027282728272859913,13.480652320612235,1.5625412541254127,0.0,0.005355709,2704.50052525298,1
lUZ2C_La8gM,28,0.05251263215264771,248.0344081408141,15.109451042086132,23.310843234323432,0.014980748074806342,13.546810886167629,1.5504400440044006,0.0,1.9709592e-05,4538.282923449986,0
lUZ2C_La8gM,29,0.0019439190556295215,247.94430638063807,15.474091703842227,23.46079592959296,0.018110561056104188,13.595114880792005,1.597799779977998,0.0,0.011666191,3705.2616266660652,1
lUZ2C_La8gM,30,0.0046808783941378355,247.8879680968097,15.861563032568906,23.42093399339934,0.03352860286028772,13.58116568282781,1.5955445544554456,0.0,0.0074634817,2173.502554584738,1
lUZ2C_La8gM,31,0.006966169768711552,247.93584598459844,15.546919855458222,23.445646314631464,0.02057700770076849,13.542811216436464,1.5174917491749176,0.0,0.011636615,2123.7973595909934,1
lUZ2C_La8gM,32,0.029335350912297144,248.08108635863587,14.734130012994383,23.550361936193617,0.007016501650159625,13.60572575061481,1.533113311331133,0.0,0.033121277,1165.4583340835075,2
lUZ2C_La8gM,33,0.08815018541092286,247.65318151815183,15.584957190303658,26.100070407040704,0.04604235423541809,13.255899110410407,1.492244224422442,0.0,0.0047198837,3538.4248394538345,0
lUZ2C_La8gM,34,0.32615976066095753,247.2695401540154,15.668460276633343,29.70451210121012,0.07140649064906711,12.701510992732402,1.3217821782178216,0.0,0.0038029659,3867.7285305656246,1
lUZ2C_La8gM,35,0.052862285911105575,249.1825379537954,9.070265743293497,21.581938393839383,0.16168206820682143,11.821052412382627,0.8696919691969197,0.0,0.040658046,398.19760399073164,1
lUZ2C_La8gM,36,5.123434770212043e-05,251.80704730473047,3.4146041124220856,1.1317464246424642,0.0001419141914152533,9.57587632337719,0.2241474147414742,0.0,0.0071563283,971.2986036037838,0
lUZ2C_La8gM,37,0.20566734719486704,249.8435517051705,7.7014999977457475,12.517008250825084,0.3290709570957142,10.642080325405827,0.573047304730473,1.0,0.0011221884,2220.1055272343847,0
lUZ2C_La8gM,38,0.2617783127166331,243.86829427942794,20.658889486526355,47.88445434543454,0.13777062706270954,13.970219702518243,1.6504950495049504,0.0,0.0074237348,3265.4514054629853,1
lUZ2C_La8gM,39,0.217481702567311,243.4565308030803,20.753001724721642,48.5302398239824,0.4268938393839369,14.267977353720838,1.8061606160616064,1.0,0.014228102,2184.739910259773,1
lUZ2C_La8gM,40,5.237000970737426e-05,251.73479592959293,4.043944026416645,1.4330385038503852,0.00016446644664256383,9.652162167161798,0.21727172717271725,0.0,0.01119209,4967.487180133138,1
lUZ2C_La8gM,41,1.2903611695946892e-05,251.7355192519252,4.042817071339667,1.4326540154015401,2.915291529120623e-05,9.651889001238937,0.21727172717271725,0.0,0.0058592255,3760.6001543964053,0
lUZ2C_La8gM,42,0.17865832330186093,249.0354499449945,8.977269491560437,20.900749174917493,0.38976347634763214,11.072441187671,0.6414741474147415,1.0,0.0015358407,1974.7663775123658,0
lUZ2C_La8gM,43,0.01183668002486229,242.12467546754678,21.59137897197334,70.96343564356435,0.011086908690866721,14.72978296640701,1.7458195819581956,0.0,0.013367948,1873.6080115953755,1
lUZ2C_La8gM,44,0.14027325687929987,243.49703520352034,20.27202794634283,59.13731903190319,0.200727722772275,14.490200893030478,1.7209020902090209,1.0,0.00018664094,2528.6327055687552,0
lUZ2C_La8gM,45,0.0014270408079028129,247.0112508250825,16.751730190000163,28.738687568756877,0.003353135313527673,13.84432543674269,1.6235423542354235,0.0,0.008154028,3298.400632377673,1
lUZ2C_La8gM,46,0.027189970104955136,246.97706050605063,16.791241081270602,28.93283828382838,0.01344609460946458,13.92026730261403,1.7135863586358635,0.0,0.024070092,2575.6541901910823,2
lUZ2C_La8gM,47,0.008060538922436536,247.01798404840483,16.76169138936256,28.762150715071506,0.0054785478547898945,13.864450001044338,1.6644664466446641,0.0,0.03852646,591.9433211868535,2
lUZ2C_La8gM,48,0.0009674631292000413,247.0245693069307,16.748636636211963,28.764282178217822,0.006991749174917458,13.87086586960749,1.6655665566556654,0.0,0.048643228,446.94802677542555,2
lUZ2C_La8gM,49,0.000809483933262527,247.02763751375136,16.74998411715618,28.767845984598463,0.004113861386140343,13.864547117793006,1.666666666666667,0.0,0.036618777,693.4452510759043,1
lUZ2C_La8gM,50,0.054491440444253386,247.0136919691969,16.75027745104037,28.751876787678768,0.02059130913091167,13.870715764717284,1.6767876787678768,0.0,0.017260842,720.1730794199867,0
lUZ2C_La8gM,51,0.20526737330015749,246.46746479647965,17.60660367058397,27.69823377337734,0.02893179317931981,14.103925383733552,1.8773377337733774,0.0,0.039598938,596.7570862143785,1
lUZ2C_La8gM,52,0.0013858474232256413,246.46193894389438,17.62115895447726,27.723898239823985,0.004751375137511786,14.201528257979392,1.8577557755775578,0.0,0.01097736,513.2455583188578,0
lUZ2C_La8gM,53,0.0069899037573486564,246.20793014301432,19.17282774443823,27.55639603960396,0.029800880088008627,14.237272124246452,1.9018701870187018,0.0,0.0277901,1365.2617969136074,1
lUZ2C_La8gM,54,0.002455283219460398,246.47506545654568,17.588907851274715,27.729827282728273,0.012702970297027605,14.214207856585254,1.8179867986798681,0.0,0.0034160847,1952.3886515290783,0
lUZ2C_La8gM,55,0.42166381954681126,242.63950990099008,21.11107534462519,34.55213421342134,1.0181859185918598,15.244671895420113,2.4822882288228825,1.0,0.009127255,2806.273378673376,1
lUZ2C_La8gM,56,1.06031222820282,231.68337568756877,33.54302980134957,59.84381793179318,0.6069636963696371,19.901613573578704,5.032948294829483,0.0,0.016429301,2088.4207125903677,4
lUZ2C_La8gM,57,0.21092868268024176,240.9734867986799,26.716075975748996,35.68425907590759,0.1488388338833886,17.477581155492473,3.7123212321232124,0.0,0.026764886,1555.9316847276516,5
lUZ2C_La8gM,58,0.0030267023504711686,241.87340484048403,25.775947259390104,32.921583608360834,0.007899339933994725,17.149806729853466,3.537678767876788,0.0,0.08057507,2532.2890573194727,2
lUZ2C_La8gM,59,0.0012861344264820218,241.88615456545656,25.77096960458287,32.90722277227723,0.009572607260723771,17.121208292536412,3.4986248624862486,0.0,0.06951016,2601.5838028981843,4
lUZ2C_La8gM,60,,,,,,,,,0.060393315,2438.9761818735738,0
